{
  "last_context_refresh": 1782935960.7327712,
  "last_shift": 1782937462.773758,
  "last_health": {
    "ok": true,
    "body": {
      "ok": true,
      "humain": false,
      "queue_depth": 0,
      "auth_required": true
    }
  },
  "last_readiness": 1782783559.054641,
  "last_health_cycle": 1782928752.402529,
  "executor_live": false,
  "pending_count": 0,
  "last_brain_ok_feed": 1782935960.7327712
}