{
  "last_context_refresh": 1782790741.94114,
  "last_shift": 1782794046.487958,
  "last_health": {
    "ok": true,
    "body": {
      "ok": true,
      "humain": true,
      "queue_depth": 0,
      "auth_required": true
    }
  },
  "last_readiness": 1782783559.054641,
  "last_health_cycle": 1782784407.28906
}