{
  "last_context_refresh": 1782837651.201681,
  "last_shift": 1782840724.421441,
  "last_health": {
    "ok": true,
    "body": {
      "ok": true,
      "humain": true,
      "queue_depth": 0,
      "auth_required": true
    }
  },
  "last_readiness": 1782783559.054641,
  "last_health_cycle": 1782827730.030968,
  "executor_live": false,
  "pending_count": 0,
  "last_brain_ok_feed": 1782840423.865386
}